<?xml version="1.0" encoding="UTF-8" ?>
<container xmlns="http://symfony.com/schema/dic/services"
           xmlns:xsi="http://www.w3.org/2001/XMLSchema-instance"
           xsi:schemaLocation="http://symfony.com/schema/dic/services http://symfony.com/schema/dic/services/services-1.0.xsd">

    <services>
        <service id="presta_sitemap.event_listener.static_routes_alternate" class="Presta\SitemapBundle\EventListener\StaticRoutesAlternateEventListener">
            <argument type="service" id="router"/>
            <argument>%presta_sitemap.alternate%</argument>
            <tag name="kernel.event_listener" event="Presta\SitemapBundle\Event\SitemapAddUrlEvent" method="addAlternate"/>
        </service>
    </services>

</container>
